"Time (s)","Peak-Frequency"
0.000000000E0,1.640625000E2
1.965663850E-1,1.640625000E2
2.959962310E-1,1.640625000E2
3.959599230E-1,2.578125000E2
4.960609230E-1,3.046875000E2
5.955307690E-1,1.406250000E2
6.936649230E-1,1.640625000E2
7.928806150E-1,1.640625000E2
8.947559230E-1,3.046875000E2
9.992080000E-1,3.046875000E2
1.093878462E0,3.046875000E2
1.192297154E0,1.406250000E2
1.294191923E0,1.406250000E2
1.394178692E0,1.640625000E2
1.494323077E0,1.640625000E2
1.596481539E0,3.281250000E2
1.696620231E0,1.406250000E2
1.796617539E0,2.578125000E2
1.892989769E0,2.578125000E2
1.996068615E0,1.640625000E2
2.096328615E0,3.585937500E3
2.196355923E0,1.640625000E2
2.296335615E0,6.796875000E2
2.396554462E0,7.031250000E2
2.502696846E0,1.171875000E2
2.614484923E0,1.171875000E2
2.696336615E0,1.171875000E2
2.796464616E0,1.171875000E2
2.896309154E0,2.109375000E2
2.996594692E0,5.156250000E2
3.096126462E0,5.156250000E2
3.197151923E0,7.500000000E2
3.296111000E0,1.171875000E2
3.396355077E0,2.109375000E2
3.496401154E0,1.640625000E2
3.596491616E0,2.812500000E2
3.696067385E0,2.008593750E4
3.796280846E0,2.578125000E2
3.896321462E0,1.982812500E4
3.996506154E0,2.343750000E2
4.096216000E0,2.029687500E4
4.196526154E0,2.812500000E2
4.296463693E0,1.406250000E2
4.396762693E0,2.343750000E2
4.496254462E0,2.001562500E4
4.603431077E0,1.985156250E4
4.696424616E0,2.343750000E2
4.796712923E0,3.984375000E3
4.896193846E0,1.982812500E4
5.005413769E0,2.578125000E2
5.095871693E0,2.343750000E2
5.196052231E0,1.875000000E2
5.296337231E0,2.812500000E2
5.396777231E0,2.343750000E2
5.496290077E0,1.640625000E2
5.596662154E0,1.406250000E2
5.697636616E0,1.640625000E2
5.796027616E0,3.984375000E3
5.896252846E0,1.406250000E2
5.997180846E0,1.171875000E2
6.096155923E0,1.171875000E2
6.196155693E0,3.046875000E2
6.296148000E0,9.375000000E1
6.396177231E0,1.406250000E2
6.496067385E0,2.109375000E2
6.596002385E0,2.109375000E2
6.696707308E0,2.578125000E2
6.797701231E0,2.812500000E2
6.895747308E0,3.046875000E2
6.996142154E0,3.046875000E2
7.095826154E0,1.406250000E2
7.196303923E0,1.406250000E2
7.296257154E0,6.796875000E2
7.398105770E0,3.046875000E2
7.495532847E0,1.406250000E2
7.594294385E0,1.406250000E2
7.694279693E0,1.640625000E2
7.796895693E0,5.390625000E2
7.892830077E0,1.640625000E2
7.996654770E0,1.640625000E2
8.097048924E0,3.937500000E3
8.197063693E0,1.875000000E2
8.299164924E0,1.640625000E2
8.396978077E0,1.640625000E2
8.496536616E0,7.031250000E2
8.597453154E0,4.687500000E2
8.696778462E0,3.046875000E2
8.796687077E0,3.046875000E2
8.897730693E0,1.640625000E2
8.996135693E0,6.328125000E2
9.097203616E0,4.031250000E3
9.196290077E0,1.640625000E2
9.294211924E0,6.093750000E2
9.396187385E0,4.687500000E2
9.494437462E0,3.046875000E2
9.597134385E0,2.812500000E2
9.694293770E0,2.578125000E2
9.796977462E0,2.343750000E2
9.896959077E0,2.343750000E2
1.000026123E1,6.328125000E2
1.009402646E1,5.859375000E2
1.019415592E1,5.859375000E2
1.029677938E1,6.093750000E2
1.039680700E1,4.031250000E3
1.049725969E1,1.640625000E2
1.059704177E1,1.640625000E2
1.069640885E1,1.875000000E2
1.080079008E1,9.375000000E1
1.089642854E1,2.109375000E2
1.099642485E1,1.640625000E2
1.109650608E1,1.640625000E2
1.120585323E1,1.406250000E2
1.129643469E1,1.406250000E2
1.139625292E1,3.984375000E3
1.149615715E1,1.640625000E2
1.159781877E1,1.406250000E2
1.169559969E1,1.171875000E2
1.179614146E1,1.989843750E4
1.189752608E1,1.989843750E4
1.200421600E1,2.578125000E2
1.209667685E1,1.875000000E2
1.219609408E1,1.985156250E4
1.229643292E1,1.406250000E2
1.239722854E1,3.960937500E3
1.249606023E1,1.640625000E2
1.259670892E1,1.875000000E2
1.269616023E1,1.875000000E2
1.280798585E1,1.875000000E2
1.289617131E1,2.109375000E2
1.299659992E1,2.109375000E2
1.309703777E1,1.875000000E2
1.320887785E1,1.875000000E2
1.329612216E1,1.875000000E2
1.339618954E1,1.406250000E2
1.349740462E1,1.406250000E2
1.361176238E1,9.375000000E1
1.369609969E1,1.406250000E2
1.379625038E1,2.343750000E2
1.389610177E1,1.406250000E2
1.400166823E1,2.109375000E2
1.409418116E1,1.406250000E2
1.419451131E1,2.109375000E2
1.429420031E1,2.343750000E2
1.439691777E1,2.109375000E2
1.449619254E1,2.343750000E2
1.459654177E1,2.578125000E2
1.469780116E1,2.578125000E2
1.480716208E1,1.406250000E2
1.490409908E1,4.921875000E2
1.499431592E1,1.406250000E2
1.509374916E1,4.921875000E2
1.519586608E1,1.640625000E2
1.529578708E1,1.640625000E2
1.539618462E1,1.640625000E2
1.549790485E1,1.640625000E2
1.560693938E1,9.375000000E1
1.570134608E1,1.406250000E2
1.579527908E1,1.640625000E2
1.589771077E1,3.046875000E2
1.599384216E1,1.640625000E2
1.609434985E1,5.625000000E2
1.619484977E1,1.875000000E2
1.629441408E1,1.640625000E2
1.639247285E1,4.921875000E2
1.649620308E1,4.921875000E2
1.659670616E1,2.109375000E2
1.669607346E1,4.921875000E2
1.679428339E1,1.640625000E2
1.689582854E1,1.640625000E2
1.699624331E1,1.406250000E2
1.709724554E1,3.984375000E2
1.721250823E1,3.515625000E2
1.729673469E1,1.640625000E2
1.739624208E1,1.406250000E2
1.749825816E1,1.406250000E2
1.760378054E1,3.281250000E2
1.769630831E1,3.984375000E2
1.779828431E1,2.109375000E2
1.789642639E1,3.984375000E2
1.799558585E1,2.109375000E2
1.809702646E1,2.343750000E2
1.819609046E1,1.171875000E2
1.829603931E1,1.640625000E2
1.841015346E1,2.343750000E2
1.849643069E1,3.750000000E2
1.859610708E1,3.984375000E2
1.869850492E1,9.375000000E1
1.880449631E1,9.375000000E1
1.889678392E1,3.281250000E2
1.899622608E1,5.859375000E2
1.909614000E1,1.406250000E2
1.920765777E1,4.218750000E2
1.929647446E1,1.406250000E2
1.939633254E1,2.264062500E4
1.949805077E1,1.640625000E2
1.959685777E1,1.640625000E2
1.969591846E1,3.281250000E2
1.979454523E1,3.046875000E2
1.989636239E1,2.109375000E2
1.999624577E1,1.968750000E3
2.009623477E1,5.859375000E2
2.019616823E1,1.640625000E2
2.029412731E1,1.640625000E2
2.039679716E1,1.171875000E2
2.049748339E1,1.640625000E2
2.059593346E1,4.687500000E2
2.069635077E1,1.875000000E2
2.079808054E1,2.109375000E2
2.090048392E1,2.109375000E2
2.099781077E1,9.375000000E1
2.109653592E1,1.875000000E2
2.119628823E1,1.875000000E2
2.129415539E1,1.640625000E2
2.139358946E1,5.390625000E2
2.149670492E1,9.375000000E1
2.159719846E1,1.875000000E2
2.169679016E1,2.578125000E2
2.180621169E1,1.406250000E2
2.189515692E1,1.640625000E2
2.199598585E1,9.375000000E1
2.209696392E1,1.985156250E4
2.220658339E1,3.281250000E2
2.229599685E1,2.109375000E2
2.239660831E1,1.640625000E2
2.249618977E1,1.640625000E2
2.260112369E1,2.578125000E2
2.269642739E1,2.578125000E2
2.279604608E1,4.687500000E2
2.289741108E1,5.390625000E2
2.299680423E1,3.281250000E2
2.309601569E1,3.046875000E2
2.319597785E1,1.640625000E2
2.329662954E1,3.281250000E2
2.339643169E1,3.046875000E2
2.349667254E1,1.406250000E2
2.359691346E1,1.640625000E2
2.369672185E1,1.640625000E2
2.380081131E1,5.859375000E2
2.389729569E1,1.406250000E2
2.399624023E1,4.218750000E2
2.409687816E1,4.218750000E2
2.419633846E1,6.093750000E2
2.429640608E1,2.578125000E2
2.439755385E1,1.406250000E2
2.450986554E1,3.515625000E2
2.459779900E1,3.750000000E2
2.469602239E1,3.984375000E2
2.479662154E1,3.984375000E2
2.489431900E1,3.984375000E2
2.499435262E1,3.984375000E2
2.509695069E1,3.984375000E2
2.519640731E1,3.515625000E2
2.529812708E1,3.281250000E2
2.541043877E1,3.281250000E2
2.550212000E1,1.640625000E2
2.559656516E1,4.687500000E2
2.569684031E1,2.343750000E2
2.579667446E1,1.406250000E2
2.589586946E1,1.406250000E2
2.599608085E1,1.989843750E4
2.609623200E1,1.640625000E2
2.620196985E1,1.640625000E2
2.629627662E1,1.406250000E2
2.639607293E1,4.687500000E2
2.649814739E1,1.406250000E2
2.659870339E1,1.875000000E2
2.669578739E1,3.984375000E2
2.679633939E1,2.109375000E2
2.689517254E1,4.218750000E2
2.699606677E1,1.406250000E2
2.709581908E1,1.640625000E2
2.719591439E1,6.562500000E2
2.729413039E1,1.406250000E2
2.739441192E1,1.171875000E2
2.749452431E1,3.984375000E2
2.759304923E1,5.156250000E2
2.769568146E1,1.171875000E2
2.779589169E1,1.406250000E2
2.789592246E1,1.171875000E2
2.799571069E1,1.640625000E2
2.809450793E1,3.515625000E2
2.819601662E1,1.640625000E2
2.829632023E1,1.171875000E2
2.839700546E1,2.343750000E2
2.850153877E1,9.375000000E1
2.859441346E1,1.171875000E2
2.869646677E1,1.406250000E2
2.879638362E1,3.984375000E2
2.889661531E1,3.750000000E2
2.899644454E1,1.406250000E2
2.909741692E1,2.578125000E2
2.919631446E1,3.046875000E2
2.929688923E1,3.984375000E2
2.940228362E1,3.281250000E2
2.949618146E1,2.812500000E2
2.959595200E1,3.046875000E2
2.969621654E1,3.515625000E2
2.979632646E1,1.640625000E2
2.990771592E1,1.171875000E2
2.999645716E1,2.578125000E2
3.009629439E1,5.859375000E2
3.019634400E1,2.578125000E2
3.029554800E1,3.515625000E2
3.039628093E1,1.992187500E4
3.049669539E1,2.022656250E4
3.059770085E1,2.343750000E2
3.070340892E1,1.987500000E4
3.079646300E1,3.281250000E2
3.089669531E1,1.968750000E3
3.099604154E1,3.515625000E2
3.109371777E1,3.281250000E2
3.119606731E1,1.406250000E2
3.129588339E1,2.578125000E2
3.139689316E1,3.984375000E2
3.150567785E1,3.515625000E2
3.159732546E1,1.989843750E4
3.169833016E1,4.218750000E2
3.179376392E1,1.406250000E2
3.189575900E1,1.406250000E2
3.199609077E1,3.515625000E2
3.209431469E1,1.171875000E2
3.219415531E1,2.343750000E2
3.229459477E1,5.625000000E2
3.240317908E1,1.999218750E4
3.249768616E1,2.343750000E2
3.259664800E1,1.989843750E4
3.269675500E1,1.171875000E2
3.279667785E1,9.375000000E1
3.289656000E1,3.984375000E2
3.299614000E1,2.578125000E2
3.309838493E1,2.578125000E2
3.320898608E1,1.968750000E3
3.329723292E1,1.982812500E4
3.339639385E1,1.992187500E4
3.349616700E1,1.171875000E2
3.359223539E1,5.625000000E2
3.369413662E1,1.171875000E2
3.379472916E1,2.343750000E2
3.389764369E1,1.994531250E4
3.399213931E1,6.328125000E2
3.409601131E1,1.171875000E2
3.419594831E1,1.171875000E2
3.429667600E1,5.859375000E2
3.440849569E1,4.218750000E2
3.449614393E1,4.218750000E2
3.459611569E1,1.171875000E2
3.469617931E1,1.406250000E2
3.480587777E1,1.406250000E2
3.489663016E1,1.171875000E2
3.499634523E1,3.515625000E2
3.509657192E1,1.171875000E2
3.519656923E1,3.984375000E2
3.529658523E1,6.328125000E2
3.539699846E1,1.406250000E2
3.549632208E1,1.945312500E3
3.559613846E1,2.109375000E2
3.570504823E1,1.996875000E4
3.579506916E1,2.017968750E4
3.589631192E1,2.812500000E2
3.600739323E1,2.578125000E2
3.610379539E1,2.578125000E2
3.619649416E1,1.406250000E2
3.629620608E1,1.406250000E2
3.639628700E1,2.109375000E2
3.650556577E1,1.945312500E3
3.660332885E1,5.625000000E2
3.669627777E1,3.515625000E2
3.679624462E1,3.984375000E2
3.689386023E1,1.989843750E4
3.699658769E1,3.984375000E2
3.709617746E1,2.578125000E2
3.719554885E1,2.343750000E2
3.729558585E1,2.578125000E2
3.739502885E1,1.406250000E2
3.749716116E1,1.945312500E3
3.759512677E1,2.343750000E2
3.769563877E1,1.171875000E2
3.779637354E1,7.031250000E2
3.789584516E1,2.343750000E2
3.799498000E1,2.343750000E2
3.809607939E1,2.343750000E2
3.819550339E1,2.578125000E2
3.829761716E1,1.987500000E4
3.839338639E1,2.812500000E2
3.849598185E1,1.968750000E3
3.859583539E1,1.982812500E4
3.870571192E1,1.994531250E4
3.880428185E1,1.968750000E3
3.889622270E1,2.578125000E2
3.899642731E1,1.996875000E4
3.910398985E1,2.025000000E4
3.919600339E1,1.406250000E2
3.929658854E1,1.989843750E4
3.939636639E1,1.640625000E2
3.950355846E1,3.984375000E2
3.959633877E1,5.625000000E2
3.969631592E1,6.796875000E2
3.979509100E1,7.031250000E2
3.989542362E1,5.625000000E2
3.999694370E1,5.859375000E2
4.009588092E1,1.640625000E2
4.019642362E1,1.640625000E2
4.030103139E1,1.989843750E4
4.039521900E1,1.640625000E2
4.049587470E1,3.046875000E2
4.059654362E1,4.687500000E2
4.069444423E1,3.046875000E2
4.080289877E1,2.812500000E2
4.089870185E1,2.812500000E2
4.099648923E1,5.625000000E2
4.109713900E1,3.046875000E2
4.119547539E1,1.171875000E2
4.129594246E1,1.406250000E2
4.139550823E1,7.031250000E1
4.150058300E1,2.578125000E2
4.159688831E1,1.406250000E2
4.169854270E1,1.171875000E2
4.179643723E1,2.812500000E2
4.189404708E1,1.996875000E4
4.199641970E1,1.640625000E2
4.209587377E1,3.984375000E3
4.219544985E1,2.343750000E2
4.229658031E1,6.375000000E3
4.239703816E1,6.796875000E2
4.249807470E1,1.406250000E2
4.259539562E1,2.812500000E2
4.269631746E1,4.687500000E2
4.279646831E1,1.640625000E2
4.289511746E1,5.156250000E2
4.299638431E1,2.109375000E2
4.309620493E1,3.046875000E2
4.319772639E1,2.109375000E2
4.329567446E1,1.996875000E4
4.339676862E1,1.640625000E2
4.349418616E1,1.989843750E4
4.359526454E1,2.765625000E3
4.369636793E1,1.406250000E2
4.379695039E1,1.996875000E4
4.389602462E1,1.985156250E4
4.399478800E1,1.406250000E2
4.409437654E1,4.078125000E3
4.419546185E1,2.578125000E2
4.429419562E1,1.989843750E4
4.439612916E1,2.027343750E4
4.449431039E1,1.985156250E4
4.459793539E1,2.109375000E2
4.469419231E1,2.812500000E2
4.479659354E1,1.171875000E2
4.489405716E1,1.171875000E2
4.499492639E1,1.171875000E2
4.509584893E1,3.984375000E3
4.519371746E1,1.406250000E2
4.529374031E1,1.171875000E2
4.539576270E1,1.875000000E2
4.549303077E1,6.796875000E2
4.559305716E1,1.171875000E2
4.569345746E1,1.406250000E2
4.579279539E1,2.343750000E2
4.589279900E1,3.281250000E2
4.599283416E1,3.046875000E2
4.609216146E1,1.640625000E2
4.619177723E1,4.687500000E2
4.629240670E1,4.218750000E2
4.639200246E1,4.687500000E2
4.649197170E1,4.687500000E2
4.659191570E1,2.109375000E2
4.669201016E1,2.109375000E2
4.679447839E1,1.875000000E2
4.689194493E1,1.171875000E2
4.699292762E1,4.218750000E2
4.709297962E1,2.109375000E2
4.719287446E1,2.109375000E2
4.729299108E1,2.109375000E2
4.739292485E1,2.109375000E2
4.749336923E1,1.171875000E2
4.759445877E1,2.578125000E2
4.769437785E1,1.406250000E2
4.779351623E1,7.500000000E2
4.789407316E1,1.171875000E2
4.799486400E1,2.022656250E4
4.810044516E1,1.992187500E4
4.819456770E1,1.640625000E2
4.829592177E1,2.343750000E2
4.839557439E1,4.031250000E3
4.849677531E1,1.982812500E4
4.860357531E1,1.406250000E2
4.869515593E1,3.937500000E3
4.879620023E1,1.987500000E4
4.889724400E1,1.994531250E4
4.899629870E1,2.578125000E2
4.909411439E1,2.109375000E2
4.919293662E1,1.640625000E2
4.929341777E1,7.031250000E1
4.939396185E1,5.625000000E2
4.949403408E1,1.406250000E2
4.959393016E1,1.406250000E2
4.969297200E1,1.406250000E2
4.979293293E1,6.093750000E2
4.989555416E1,1.171875000E2
4.999305046E1,1.171875000E2
5.009305939E1,2.343750000E2
5.019290739E1,2.578125000E2
5.029375285E1,1.406250000E2
5.039304185E1,2.022656250E4
5.049305562E1,1.875000000E2
5.059670370E1,2.343750000E2
5.069615777E1,2.343750000E2
5.079530646E1,1.982812500E4
5.089374123E1,1.999218750E4
5.099409077E1,2.032031250E4
5.109462893E1,1.989843750E4
5.119313231E1,2.578125000E2
5.129636423E1,3.515625000E2
5.139632093E1,3.515625000E2
5.149656823E1,1.987500000E4
5.160755077E1,3.750000000E2
5.169625970E1,1.406250000E2
5.179687477E1,9.375000000E1
5.189712985E1,4.218750000E2
5.199901908E1,1.406250000E2
5.209672339E1,2.578125000E2
5.219651470E1,1.640625000E2
5.229610708E1,1.640625000E2
5.240245008E1,2.343750000E2
5.251014670E1,1.987500000E4
5.260585323E1,1.406250000E2
5.269663754E1,2.343750000E2
5.279688916E1,2.343750000E2
5.289651693E1,1.640625000E2
5.299795631E1,3.914062500E3
5.309563908E1,2.343750000E2
5.319693662E1,1.999218750E4
5.329657008E1,1.640625000E2
5.339653200E1,1.989843750E4
5.349467846E1,2.578125000E2
5.359612947E1,2.812500000E2
5.369390116E1,1.996875000E4
5.379420516E1,1.982812500E4
5.389639008E1,3.187500000E3
5.399627346E1,3.046875000E2
5.409877508E1,5.390625000E2
5.420206547E1,1.875000000E2
5.429641016E1,2.109375000E2
5.439757539E1,1.989843750E4
5.449653816E1,1.989843750E4
5.459578554E1,2.020312500E4
5.469736577E1,1.996875000E4
5.480323993E1,1.985156250E4
5.489575377E1,1.994531250E4
5.500460431E1,3.937500000E3
5.510472954E1,2.343750000E2
5.519675870E1,1.875000000E2
5.529637323E1,2.039062500E4
5.540081531E1,1.989843750E4
5.549665231E1,1.992187500E4
5.559630554E1,2.022656250E4
5.569645908E1,1.992187500E4
5.579731193E1,2.343750000E2
5.589568462E1,2.343750000E2
5.599638762E1,3.937500000E3
5.609792639E1,2.578125000E2
5.620209816E1,2.812500000E2
5.630973223E1,2.578125000E2
5.639929377E1,1.985156250E4
5.649659593E1,1.994531250E4
5.659840862E1,1.640625000E2
5.669623416E1,2.578125000E2
5.679704154E1,2.343750000E2
5.689697931E1,7.031250000E1
5.700207877E1,1.994531250E4
5.709643870E1,2.343750000E2
5.719557162E1,1.994531250E4
5.729660270E1,3.960937500E3
5.739565970E1,2.578125000E2
5.749660893E1,1.999218750E4
5.759640885E1,1.640625000E2
5.770259631E1,1.989843750E4
5.780554947E1,1.994531250E4
5.789574831E1,2.109375000E2
5.799738862E1,1.640625000E2
5.809948085E1,1.406250000E2
5.819633070E1,2.109375000E2
5.829550893E1,3.937500000E3
5.839649223E1,1.982812500E4
5.849757416E1,2.343750000E2
5.859637439E1,2.343750000E2
5.869386947E1,1.989843750E4
5.880386923E1,1.989843750E4
5.889641070E1,2.343750000E2
5.899658793E1,1.994531250E4
5.909662670E1,1.171875000E2
5.919646523E1,1.875000000E2
5.929954677E1,3.937500000E3
5.939676893E1,2.578125000E2
5.949790831E1,2.578125000E2
5.959801070E1,3.984375000E3
5.970026670E1,2.343750000E2
5.982104054E1,1.994531250E4
5.989648831E1,2.578125000E2
5.999685693E1,1.992187500E4
6.010642431E1,2.343750000E2
6.019533347E1,1.640625000E2
6.029610423E1,2.578125000E2
6.039381970E1,2.109375000E2
6.049330485E1,1.640625000E2
6.059344677E1,2.343750000E2
6.070100147E1,2.578125000E2
6.079628823E1,1.994531250E4
6.089658893E1,1.640625000E2
6.099681162E1,2.343750000E2
6.109347723E1,2.109375000E2
6.120244770E1,1.875000000E2
6.129279816E1,2.343750000E2
6.139302616E1,2.109375000E2
6.149360331E1,1.171875000E2
6.159304000E1,1.640625000E2
6.169291446E1,1.171875000E2
6.179294793E1,1.171875000E2
6.189299600E1,2.578125000E2
6.199294616E1,1.987500000E4
6.209298185E1,2.578125000E2
6.219294085E1,3.046875000E3
6.229304677E1,2.859375000E3
6.239693039E1,3.164062500E3
6.249283131E1,2.343750000E2
6.259281508E1,2.812500000E2
6.269283162E1,1.982812500E4
6.279195570E1,5.156250000E2
6.289190423E1,2.109375000E2
6.299196431E1,2.578125000E2
6.309194462E1,1.171875000E2
6.319200400E1,4.453125000E2
6.329292123E1,1.992187500E4
6.339297870E1,2.343750000E2
6.349180085E1,1.406250000E2
6.359292670E1,3.984375000E3
6.369288431E1,1.640625000E2
6.379696124E1,1.640625000E2
6.389277693E1,1.640625000E2
6.399287139E1,1.640625000E2
6.409296462E1,1.994531250E4
6.419287193E1,1.640625000E2
6.429287008E1,1.994531250E4
6.439280424E1,1.989843750E4
6.449347347E1,2.020312500E4
6.459293993E1,1.996875000E4
6.469289562E1,2.343750000E2
6.479288093E1,1.640625000E2
6.489365108E1,3.937500000E3
6.499647654E1,1.406250000E2
6.509430854E1,2.343750000E2
6.519537562E1,1.640625000E2
6.529641631E1,2.812500000E2
6.539661993E1,1.989843750E4
6.549869070E1,2.020312500E4
6.559690731E1,1.994531250E4
6.569440670E1,2.109375000E2
6.579603754E1,1.640625000E2
6.589841931E1,2.578125000E2
6.599354000E1,1.875000000E2
6.609616370E1,1.171875000E2
6.619634300E1,1.171875000E2
6.629631870E1,1.875000000E2
6.639654893E1,1.992187500E4
6.649670331E1,1.875000000E2
6.659628677E1,2.812500000E2
6.669683354E1,1.640625000E2
6.680027777E1,2.343750000E2
6.689633231E1,3.937500000E3
6.699799724E1,1.406250000E2
6.709608370E1,2.008593750E4
6.719641685E1,3.937500000E3
6.729592216E1,2.343750000E2
6.739698400E1,1.996875000E4
6.749772208E1,2.025000000E4
6.760200147E1,3.281250000E2
6.770850277E1,1.875000000E2
6.779639039E1,5.156250000E2
6.789677231E1,5.156250000E2
6.799924608E1,1.982812500E4
6.809600639E1,2.109375000E2
6.819637077E1,2.343750000E2
6.829611785E1,5.156250000E2
6.840324554E1,4.453125000E2
6.849760577E1,2.578125000E2
6.859593662E1,3.281250000E2
6.869748208E1,2.578125000E2
6.881028793E1,2.020312500E4
6.889606577E1,2.008593750E4
6.899618731E1,1.985156250E4
6.909619162E1,2.010937500E4
6.919809047E1,2.025000000E4
6.929621100E1,1.982812500E4
6.939623970E1,2.812500000E2
6.949610362E1,2.027343750E4
6.959761508E1,1.640625000E2
6.971482547E1,1.171875000E2
6.979614824E1,2.017968750E4
6.989610824E1,1.406250000E2
6.999753939E1,1.987500000E4
7.009582639E1,2.015625000E4
7.019619570E1,1.406250000E2
7.029679600E1,1.171875000E2
7.039631654E1,2.020312500E4
7.049578831E1,1.171875000E2
7.059728024E1,1.171875000E2
7.069639100E1,1.640625000E2
7.079715993E1,2.022656250E4
7.089464670E1,1.640625000E2
7.099576893E1,1.989843750E4
7.109714516E1,2.578125000E2
7.119645477E1,2.020312500E4
7.129796885E1,1.982812500E4
7.139610800E1,2.008593750E4
7.149623785E1,2.022656250E4
7.159628770E1,2.578125000E2
7.169587724E1,2.343750000E2
7.179647285E1,2.578125000E2
7.189643408E1,1.989843750E4
7.200344300E1,1.989843750E4
7.209906300E1,2.015625000E4
7.219639900E1,2.017968750E4
7.229634493E1,1.985156250E4
7.239422677E1,2.013281250E4
7.249439193E1,2.025000000E4
7.259438154E1,1.640625000E2
7.269787047E1,2.343750000E2
7.279307416E1,2.029687500E4
7.289609077E1,1.875000000E2
7.299447477E1,1.406250000E2
7.309444247E1,2.017968750E4
7.320703170E1,2.003906250E4
7.329519070E1,1.985156250E4
7.339446331E1,2.109375000E2
7.349437016E1,2.029687500E4
7.359615108E1,1.982812500E4
7.369626370E1,1.640625000E2
7.379569285E1,2.029687500E4
7.389792216E1,2.578125000E2
7.399653724E1,2.578125000E2
7.409598862E1,2.020312500E4
7.419549624E1,1.640625000E2
7.429354647E1,1.989843750E4
7.439397377E1,2.017968750E4
7.449442985E1,3.937500000E3
7.459555539E1,1.640625000E2
7.469261562E1,2.008593750E4
7.479485385E1,3.937500000E3
7.489626893E1,1.640625000E2
7.499521070E1,1.406250000E2
7.509604854E1,2.025000000E4
7.519618054E1,2.578125000E2
7.529622216E1,5.156250000E2
7.539447193E1,3.515625000E2
7.549409500E1,2.578125000E2
7.559433593E1,2.343750000E2
7.569473939E1,5.390625000E2
7.579286893E1,3.937500000E3
7.589596239E1,1.982812500E4
7.599600185E1,2.343750000E2
7.609619016E1,1.218750000E3
7.619511562E1,1.171875000E2
7.629612154E1,1.989843750E4
7.639480616E1,2.022656250E4
7.649607600E1,2.578125000E2
7.659806585E1,1.171875000E2
7.669598277E1,1.406250000E2
7.679626770E1,3.937500000E3
7.689827447E1,5.390625000E2
7.699486024E1,2.109375000E2
7.710122093E1,9.375000000E1
7.719657039E1,2.343750000E2
7.729638616E1,1.171875000E2
7.739438154E1,2.017968750E4
7.749726054E1,1.875000000E2
7.759619662E1,1.987500000E4
7.769622085E1,2.343750000E2
7.780031477E1,3.937500000E3
7.789535777E1,5.625000000E2
7.799977508E1,2.008593750E4
7.809685531E1,3.937500000E3
7.819600147E1,6.328125000E2
7.829632677E1,1.994531250E4
7.839620762E1,2.022656250E4
7.849700031E1,1.989843750E4
7.860592370E1,2.343750000E2
7.869623477E1,2.343750000E2
7.879867224E1,1.640625000E2
7.890057439E1,1.171875000E2
7.899663970E1,3.281250000E2
7.909650831E1,3.937500000E3
7.919642493E1,1.406250000E2
7.929566862E1,4.218750000E2
7.940700647E1,4.453125000E2
7.949617962E1,1.148437500E3
7.959617162E1,4.921875000E2
7.969619600E1,2.020312500E4
7.979544954E1,2.013281250E4
7.989556770E1,3.984375000E2
7.999775285E1,4.453125000E2
8.009742985E1,1.968750000E3
8.019952893E1,1.982812500E4
8.029626208E1,2.015625000E4
8.039621047E1,2.022656250E4
8.049599747E1,1.989843750E4
8.059509170E1,2.578125000E2
8.069819447E1,2.025000000E4
8.079672862E1,1.171875000E2
8.089586116E1,1.987500000E4
8.100258947E1,2.015625000E4
8.109607624E1,4.265625000E3
8.119730339E1,3.046875000E2
8.130558270E1,1.640625000E2
8.139642185E1,2.109375000E2
8.149445008E1,4.921875000E2
8.159667377E1,2.343750000E2
8.170504893E1,3.515625000E2
8.179583531E1,2.343750000E2
8.189609070E1,3.046875000E2
8.200034893E1,2.017968750E4
8.209404400E1,2.343750000E2
8.219635377E1,1.171875000E3
8.229456208E1,2.343750000E2
8.239881593E1,2.578125000E2
8.249273224E1,2.578125000E2
8.259418454E1,4.921875000E2
8.269651131E1,1.429687500E3
8.279383754E1,3.984375000E2
8.289244585E1,1.406250000E2
8.299471600E1,2.578125000E2
8.309633377E1,1.171875000E2
8.319736739E1,1.985156250E4
8.329651047E1,2.013281250E4
8.339754585E1,2.022656250E4
8.349464924E1,1.875000000E2
8.359499724E1,2.343750000E2
8.370931785E1,5.859375000E2
8.379393377E1,1.989843750E4
8.389419531E1,1.640625000E2
8.399623624E1,1.171875000E2
8.410310054E1,4.687500000E2
8.419590370E1,1.640625000E2
8.429539570E1,1.171875000E2
8.439621477E1,2.109375000E2
8.449659254E1,1.875000000E2
8.459635131E1,2.578125000E2
8.469632831E1,2.343750000E2
8.479485347E1,4.218750000E2
8.489699293E1,4.218750000E2
8.500688608E1,2.578125000E2
8.510312277E1,1.171875000E2
8.519607900E1,1.171875000E2
8.529609101E1,1.875000000E2
8.539664270E1,1.171875000E2
8.549460616E1,1.171875000E2
8.559684831E1,2.008593750E4
8.569609316E1,2.029687500E4
8.579677847E1,1.640625000E2
8.589634585E1,2.578125000E2
8.599720924E1,2.343750000E2
8.609577931E1,2.109375000E2
8.619640585E1,1.992187500E4
8.629691047E1,2.578125000E2
8.639627970E1,2.812500000E2
8.649272331E1,2.578125000E2
8.659413785E1,1.640625000E2
8.669463077E1,2.036718750E4
8.679621539E1,5.625000000E2
8.690455477E1,2.017968750E4
8.699230862E1,4.218750000E2
8.709544424E1,6.796875000E2
8.719618362E1,7.265625000E2
8.729649193E1,6.328125000E2
8.739886608E1,2.343750000E2
8.749697724E1,2.343750000E2
8.759644301E1,1.875000000E2
8.769632331E1,2.109375000E2
8.780489439E1,1.875000000E2
8.789369470E1,2.343750000E2
8.799558731E1,2.343750000E2
8.809593847E1,4.687500000E2
8.819554247E1,4.453125000E2
8.829649508E1,4.453125000E2
8.839645016E1,1.875000000E2
8.849379262E1,1.640625000E2
8.860350185E1,2.015625000E4
8.871148277E1,1.945312500E3
8.879623477E1,2.578125000E2
8.889674547E1,2.343750000E2
8.899601777E1,2.029687500E4
8.909504708E1,1.982812500E4
8.919622824E1,1.640625000E2
8.929689908E1,2.022656250E4
8.939614616E1,2.578125000E2
8.949260393E1,1.987500000E4
8.959432708E1,2.017968750E4
8.969426000E1,2.017968750E4
8.979812793E1,1.171875000E2
8.990056985E1,1.640625000E2
8.999607662E1,2.020312500E4
9.009633816E1,1.406250000E2
9.019654000E1,1.406250000E2
9.029514401E1,1.406250000E2
9.041020154E1,1.640625000E2
9.049627593E1,2.109375000E2
9.059651816E1,2.020312500E4
9.069691139E1,2.109375000E2
9.079546001E1,2.109375000E2
9.089638916E1,4.218750000E2
9.099746393E1,2.812500000E2
9.109546978E1,4.687500000E2
9.119643408E1,2.812500000E2
9.129541839E1,1.875000000E2
9.139849878E1,2.343750000E2
9.150598924E1,3.750000000E2
9.159713162E1,6.093750000E2
9.169619593E1,5.390625000E2
9.179687254E1,2.578125000E2
9.189405570E1,3.515625000E2
9.199440916E1,3.750000000E2
9.209728239E1,3.750000000E2
9.220009631E1,4.453125000E2
9.229662978E1,2.578125000E2
9.239626524E1,1.171875000E2
9.249608278E1,1.875000000E2
9.259522239E1,2.109375000E2
9.269363439E1,2.109375000E2
9.279613847E1,1.875000000E2
9.289676462E1,2.017968750E4
9.300139470E1,2.109375000E2
9.310180793E1,4.687500000E2
9.319628278E1,1.406250000E2
9.329618916E1,3.890625000E3
9.339655839E1,2.109375000E2
9.349633008E1,1.171875000E2
9.359551931E1,2.025000000E4
9.370929962E1,2.343750000E2
9.379650708E1,2.109375000E2
9.389599108E1,2.343750000E2
9.399629501E1,2.578125000E2
9.409418831E1,2.343750000E2
9.419800947E1,2.578125000E2
9.429542547E1,3.914062500E3
9.439676824E1,2.109375000E2
9.449592985E1,2.343750000E2
9.459608147E1,2.027343750E4
9.469636401E1,2.343750000E2
9.480249324E1,2.578125000E2
9.490358893E1,2.017968750E4
9.499631724E1,1.640625000E2
9.509483193E1,2.578125000E2
9.519594893E1,2.812500000E2
9.529581531E1,3.937500000E3
9.539611685E1,2.109375000E2
9.549749839E1,1.171875000E2
9.559746793E1,3.960937500E3
9.569755416E1,1.171875000E2
9.579678339E1,2.109375000E2
9.589666862E1,1.640625000E2
9.599792124E1,2.109375000E2
9.609735101E1,2.109375000E2
9.619428301E1,2.578125000E2
9.629611478E1,3.937500000E3
9.639597778E1,1.875000000E2
9.649656985E1,1.406250000E2
9.659680301E1,3.937500000E3
9.669629385E1,2.578125000E2
9.679635570E1,2.109375000E2
9.689626731E1,2.027343750E4
9.699621724E1,2.109375000E2
9.709593931E1,2.343750000E2
9.719603816E1,2.109375000E2
9.730377285E1,2.343750000E2
9.740801531E1,2.343750000E2
9.749626862E1,2.109375000E2
9.759691478E1,3.937500000E3
9.769653478E1,2.578125000E2
9.779659847E1,2.578125000E2
9.789669347E1,2.027343750E4
9.799616731E1,2.578125000E2
9.809761508E1,2.812500000E2
9.820575347E1,2.578125000E2
9.830196001E1,2.578125000E2
9.839969078E1,2.343750000E2
9.849630239E1,2.013281250E4
9.859580547E1,3.937500000E3
9.869650308E1,2.343750000E2
9.879681316E1,2.020312500E4
9.889637324E1,3.937500000E3
9.900507531E1,2.812500000E2
9.909434854E1,1.406250000E2
9.919477962E1,1.640625000E2
9.929561108E1,2.343750000E2
9.939333285E1,2.343750000E2
9.949462985E1,1.640625000E2
9.959732854E1,3.937500000E3
9.969771754E1,1.171875000E2
9.979215847E1,2.343750000E2
9.989442147E1,3.937500000E3
9.999481170E1,2.578125000E2
1.000943751E2,1.875000000E2
1.001942563E2,2.027343750E4
1.002944819E2,2.343750000E2
1.003962399E2,1.987500000E4
1.004937529E2,2.017968750E4
1.005943369E2,3.937500000E3
1.006950027E2,1.982812500E4
1.007938218E2,2.343750000E2
1.009046821E2,3.937500000E3
1.009956778E2,2.578125000E2
1.010963021E2,1.640625000E2
1.011960012E2,2.022656250E4
1.012962855E2,2.343750000E2
1.014021255E2,2.578125000E2
1.014970575E2,2.578125000E2
1.015962366E2,1.640625000E2
1.016967092E2,2.343750000E2
1.018031332E2,2.343750000E2
1.018966702E2,3.937500000E3
1.019966461E2,2.109375000E2
1.021106517E2,2.343750000E2
1.022285212E2,2.020312500E4
1.023230396E2,4.687500000E2
1.023967062E2,1.406250000E2
1.024962459E2,2.343750000E2
1.025965218E2,2.343750000E2
1.027106824E2,1.406250000E2
1.027965825E2,1.171875000E2
1.028964948E2,3.937500000E3
1.029978658E2,1.640625000E2
1.030924572E2,2.578125000E2
1.031961815E2,3.937500000E3
1.032954631E2,2.578125000E2
1.033942292E2,7.031250000E1
1.034962455E2,2.025000000E4
1.035967882E2,1.171875000E2
1.036966966E2,7.031250000E1
1.037971739E2,2.015625000E4
1.038942855E2,3.937500000E3
1.039942535E2,2.343750000E2
1.040955849E2,2.578125000E2
1.041928822E2,3.914062500E3
1.042944249E2,1.640625000E2
1.043964267E2,1.406250000E2
1.044969593E2,2.025000000E4
1.045977923E2,1.640625000E2
1.047186867E2,1.640625000E2
1.047963442E2,2.017968750E4
1.048969855E2,1.406250000E2
1.049965877E2,1.875000000E2
1.050976412E2,2.010937500E4
1.051960544E2,2.020312500E4
1.052965920E2,1.640625000E2
1.053967707E2,2.003906250E4
1.054963513E2,2.027343750E4
1.056007108E2,1.640625000E2
1.056944000E2,2.343750000E2
1.057963637E2,2.022656250E4
1.058966326E2,2.343750000E2
1.059965277E2,7.031250000E1
1.060954916E2,2.013281250E4
1.061966142E2,2.015625000E4
1.062969505E2,1.171875000E2
1.064042246E2,2.015625000E4
1.064995652E2,2.029687500E4
1.065965705E2,2.812500000E2
1.066963572E2,2.578125000E2
1.067966935E2,2.343750000E2
1.068963544E2,1.171875000E2
1.069960002E2,2.343750000E2
1.070967142E2,2.015625000E4
1.071974849E2,2.578125000E2
1.073041292E2,2.343750000E2
1.073962049E2,1.875000000E2
1.074962322E2,1.640625000E2
1.075975391E2,2.343750000E2
1.077045024E2,4.687500000E2
1.078051479E2,1.406250000E2
1.078983677E2,1.171875000E2
1.079962379E2,1.987500000E4
1.080963138E2,2.029687500E4
1.081947156E2,2.022656250E4
1.082962219E2,1.640625000E2
1.083961911E2,2.010937500E4
1.084967993E2,2.027343750E4
1.085972126E2,1.875000000E2
1.087011738E2,2.010937500E4
1.087966668E2,2.343750000E2
1.088961988E2,1.992187500E3
1.089940882E2,2.343750000E2
1.090964086E2,1.875000000E2
1.091962246E2,1.875000000E2
1.092964470E2,2.578125000E2
1.093973098E2,2.812500000E2
1.095049837E2,3.984375000E2
1.095949415E2,4.218750000E2
1.096963682E2,1.406250000E2
1.097976052E2,2.025000000E4
1.098990827E2,5.390625000E2
1.099963505E2,7.734375000E2
1.100963443E2,5.390625000E2
1.101970627E2,5.390625000E2
1.103057264E2,7.734375000E2
1.104020950E2,2.109375000E2
1.104963325E2,2.578125000E2
1.105968110E2,2.578125000E2
1.106976366E2,7.031250000E1
1.107995950E2,2.032031250E4
1.108968704E2,1.640625000E2
1.109962348E2,2.812500000E2
1.110965682E2,2.812500000E2
1.111936868E2,1.406250000E2
1.112962101E2,1.406250000E2
1.113962987E2,2.578125000E2
1.114962870E2,2.343750000E2
1.115975228E2,1.875000000E2
1.117027480E2,2.006250000E4
1.118080471E2,4.453125000E2
1.119036864E2,1.171875000E2
1.119962495E2,1.406250000E2
1.120980828E2,1.406250000E2
1.121941625E2,4.921875000E2
1.122948139E2,4.687500000E2
1.123961188E2,2.578125000E2
1.124961987E2,1.171875000E2
1.125969273E2,1.406250000E2
1.126955664E2,3.984375000E2
1.127970068E2,4.453125000E2
1.128976384E2,3.046875000E2
1.129972219E2,2.812500000E2
1.130961671E2,2.109375000E2
1.131973642E2,9.375000000E1
1.132981301E2,1.851562500E3
1.133982585E2,2.017968750E4
1.134966445E2,1.989843750E4
1.135964545E2,5.390625000E2
1.136951402E2,2.015625000E4
1.137947049E2,3.937500000E3
1.138955917E2,1.406250000E2
1.139965482E2,1.406250000E2
1.140986113E2,1.171875000E2
1.141947036E2,1.640625000E2
1.142968516E2,1.994531250E4
1.143945046E2,2.022656250E4
1.144931317E2,1.406250000E2
1.145968443E2,1.640625000E3
1.146969206E2,2.017968750E4
1.147983670E2,2.020312500E4
1.149015802E2,1.640625000E2
1.149983529E2,1.640625000E2
1.151072132E2,1.640625000E2
1.151959159E2,1.171875000E2
1.152977671E2,1.171875000E2
1.153942205E2,2.343750000E2
1.154968299E2,2.109375000E2
1.155950323E2,2.109375000E2
1.156959785E2,5.507812500E3
1.157963625E2,3.046875000E2
1.158968532E2,2.578125000E2
1.159966117E2,3.984375000E2
1.160985206E2,1.875000000E2
1.161941975E2,4.218750000E2
1.164329809E2,1.875000000E3
1.165671202E2,2.343750000E2
1.166321289E2,1.406250000E2
1.167335858E2,4.921875000E2
1.168332427E2,3.960937500E3
1.169310175E2,4.007812500E3
1.170303258E2,4.054687500E3
1.171619191E2,4.101562500E3
1.172749203E2,4.570312500E3
1.173463049E2,2.109375000E3
1.174510969E2,3.820312500E3
1.175316883E2,3.867187500E3
1.176381947E2,3.914062500E3
1.177346935E2,3.960937500E3
1.178316800E2,4.453125000E3
1.179318212E2,4.500000000E3
1.180314074E2,4.546875000E3
1.181578342E2,4.148437500E3
1.182644270E2,4.195312500E3
1.183334680E2,4.242187500E3
1.184314901E2,4.289062500E3
1.185314880E2,4.335937500E3
1.186378714E2,4.359375000E3
1.187316985E2,4.406250000E3
1.188444765E2,3.960937500E3
1.189316455E2,3.984375000E3
1.190327025E2,4.921875000E2
1.191393683E2,2.578125000E2
1.192303492E2,2.812500000E2
1.193308178E2,2.578125000E2
1.194317285E2,2.343750000E2
1.195489022E2,4.453125000E2
1.196326513E2,3.984375000E3
1.197521553E2,3.515625000E2
1.198315292E2,3.515625000E2
1.199315625E2,3.937500000E3
1.200355759E2,3.960937500E3
1.201301868E2,3.890625000E3
1.202318775E2,5.625000000E2
1.203301129E2,3.046875000E2
1.204318175E2,3.937500000E3
1.205544944E2,5.156250000E2
1.206319883E2,3.890625000E3
1.207311828E2,3.515625000E2
1.208328169E2,4.921875000E2
1.209320477E2,3.046875000E2
1.210321194E2,5.859375000E2
1.211323652E2,3.890625000E3
1.212326262E2,3.937500000E3
1.213657366E2,4.242187500E3
1.215068009E2,4.289062500E3
1.215516412E2,3.937500000E3
1.216318551E2,3.937500000E3
1.217318834E2,4.242187500E3
1.218549631E2,3.937500000E3
1.219319911E2,3.937500000E3
1.220322698E2,4.218750000E3
1.221407437E2,4.195312500E3
1.222490135E2,4.312500000E3
1.224089557E2,3.937500000E3
1.224639908E2,3.867187500E3
1.225315932E2,4.171875000E3
1.226315975E2,3.914062500E3
1.227317200E2,4.195312500E3
1.228333625E2,6.562500000E2
1.229306957E2,4.218750000E3
1.230356622E2,3.914062500E3
1.231327572E2,4.218750000E3
1.232317365E2,3.890625000E3
1.233303249E2,4.195312500E3
1.234317668E2,4.289062500E3
1.235371566E2,3.914062500E3
1.236319676E2,4.242187500E3
1.237319692E2,4.335937500E3
1.238331085E2,4.171875000E3
1.239367516E2,4.265625000E3
1.240315962E2,4.359375000E3
1.241317935E2,3.914062500E3
1.242316009E2,3.984375000E3
1.243324040E2,4.335937500E3
1.244314422E2,2.343750000E2
1.245321923E2,4.218750000E3
1.246332945E2,4.289062500E3
1.247407526E2,4.078125000E3
1.248316665E2,4.148437500E3
1.249318375E2,3.914062500E3
1.250295805E2,1.171875000E2
1.251315923E2,4.359375000E3
1.252326421E2,1.171875000E2
1.253414108E2,4.171875000E3
1.254334089E2,4.242187500E3
1.255451831E2,4.289062500E3
1.256418039E2,4.359375000E3
1.257377526E2,4.078125000E3
1.258318845E2,4.148437500E3
1.259320984E2,4.218750000E3
1.260326132E2,3.914062500E3
1.261398642E2,3.960937500E3
1.262316030E2,4.382812500E3
1.263316372E2,4.453125000E3
1.264322895E2,4.125000000E3
1.265301699E2,4.195312500E3
1.266295634E2,4.242187500E3
1.267294695E2,4.289062500E3
1.268329212E2,4.359375000E3
1.269296205E2,4.007812500E3
1.270410554E2,4.054687500E3
1.271326305E2,4.101562500E3
1.272320945E2,4.148437500E3
1.273347339E2,4.195312500E3
1.274321529E2,4.265625000E3
1.275333362E2,3.867187500E3
1.276329514E2,3.914062500E3
1.277363766E2,3.960937500E3
1.278318105E2,4.453125000E3
1.279317676E2,4.500000000E3
1.280331116E2,2.273437500E3
1.281464633E2,4.148437500E3
1.282313827E2,4.195312500E3
1.283318360E2,4.242187500E3
1.284316024E2,4.289062500E3
1.285314339E2,4.335937500E3
1.286319713E2,4.359375000E3
1.287319562E2,3.914062500E3
1.288321631E2,3.960937500E3
1.289295822E2,3.984375000E3
1.290314883E2,3.515625000E2
1.291305442E2,4.218750000E2
1.292359310E2,1.171875000E2
1.293283922E2,4.921875000E2
1.294324153E2,5.156250000E2
1.295316431E2,5.156250000E2
1.296420790E2,4.921875000E2
1.297316375E2,4.921875000E2
1.298316566E2,4.453125000E2
1.299316579E2,4.687500000E2
1.300293784E2,3.914062500E3
1.301423868E2,4.921875000E2
1.302319692E2,4.265625000E3
1.303319581E2,4.218750000E2
1.304316597E2,3.984375000E2
1.305320209E2,6.328125000E2
1.306323551E2,3.984375000E2
1.307323525E2,4.218750000E2
1.308316147E2,4.218750000E2
1.309323342E2,4.335937500E3
1.310319107E2,3.984375000E2
1.311318058E2,4.335937500E3
1.312321045E2,4.289062500E3
1.313317988E2,4.242187500E3
1.314315852E2,4.289062500E3
1.315422735E2,4.195312500E3
1.316322579E2,4.359375000E3
1.317292009E2,4.242187500E3
1.318316458E2,4.242187500E3
1.319307037E2,4.382812500E3
1.320318212E2,4.218750000E3
1.321317065E2,4.195312500E3
1.322330000E2,4.312500000E3
1.323321966E2,4.265625000E3
1.324298402E2,4.218750000E3
1.325318357E2,4.335937500E3
1.326301227E2,4.289062500E3
1.327284474E2,4.195312500E3
1.328320803E2,4.312500000E3
1.329318292E2,4.218750000E3
1.330331237E2,3.914062500E3
1.331329156E2,4.218750000E3
1.332314135E2,4.312500000E3
1.333306117E2,4.195312500E3
1.334305689E2,4.289062500E3
1.335294775E2,4.148437500E3
1.336314055E2,4.242187500E3
1.337328922E2,4.335937500E3
1.338312332E2,4.171875000E3
1.339372895E2,4.265625000E3
1.340316526E2,4.359375000E3
1.341322468E2,4.171875000E3
1.342370680E2,4.265625000E3
1.343318997E2,4.335937500E3
1.344309917E2,4.406250000E3
1.345295834E2,4.218750000E3
1.346316443E2,4.289062500E3
1.347333061E2,4.359375000E3
1.348397916E2,4.148437500E3
1.349317034E2,4.218750000E3
1.350316151E2,4.289062500E3
1.351318135E2,4.359375000E3
1.352432640E2,4.429687500E3
1.353309753E2,4.171875000E3
1.354317673E2,4.242187500E3
1.355326209E2,4.289062500E3
1.356420588E2,4.359375000E3
1.357314145E2,4.921875000E2
1.358318120E2,4.148437500E3
1.359318556E2,4.218750000E3
1.360406951E2,4.265625000E3
1.361320179E2,4.335937500E3
1.362318517E2,4.382812500E3
1.363321471E2,4.453125000E3
1.364357077E2,4.125000000E3
1.365319790E2,4.195312500E3
1.366314375E2,4.242187500E3
1.367309125E2,4.289062500E3
1.368298381E2,4.359375000E3
1.369324520E2,4.406250000E3
1.370296908E2,4.453125000E3
1.371297569E2,4.101562500E3
1.372325369E2,4.148437500E3
1.373321950E2,4.195312500E3
1.374322495E2,4.265625000E3
1.375299083E2,4.312500000E3
1.376298996E2,4.359375000E3
1.377342532E2,3.960937500E3
1.378316619E2,4.453125000E3
1.379298830E2,4.500000000E3
1.380324757E2,4.546875000E3
1.381361969E2,4.148437500E3
1.382485779E2,4.195312500E3
1.383291230E2,4.242187500E3
1.384313165E2,4.289062500E3
1.385331950E2,4.335937500E3
1.386368479E2,4.359375000E3
1.387438502E2,4.382812500E3
1.388282717E2,4.406250000E3
1.389170997E2,3.960937500E3
1.391386656E2,3.984375000E3
1.392495099E2,2.015625000E3
1.393381954E2,1.171875000E2
1.394402388E2,2.812500000E2
1.395556160E2,2.109375000E2
1.396507862E2,2.578125000E2
1.397382665E2,2.343750000E2
1.398457530E2,2.109375000E2
1.399545551E2,2.109375000E2
1.400400640E2,4.007812500E3
1.401377963E2,2.109375000E2
1.402405502E2,2.343750000E2
1.403410265E2,4.007812500E3
1.404412308E2,4.007812500E3
1.405381280E2,4.007812500E3
1.406388249E2,5.859375000E2
1.407385529E2,6.093750000E2
1.408379869E2,4.007812500E3
1.409444920E2,4.031250000E3
1.410532874E2,4.007812500E3
1.411521025E2,4.031250000E3
1.412471207E2,3.984375000E3
1.413406677E2,4.007812500E3
1.414453117E2,4.007812500E3
1.415405376E2,6.093750000E2
1.416467966E2,4.054687500E3
1.417479145E2,1.171875000E2
1.418423995E2,4.031250000E3
1.419521726E2,4.078125000E3
1.420902127E2,1.171875000E2
1.421400397E2,2.578125000E2
1.422411099E2,1.171875000E2
1.423506742E2,2.343750000E2
1.424422979E2,2.343750000E2
1.425388323E2,4.101562500E3
1.426397028E2,4.078125000E3
1.427384852E2,4.031250000E3
1.428691616E2,3.960937500E3
1.429719598E2,4.078125000E3
1.430466493E2,4.007812500E3
1.431399929E2,4.125000000E3
1.432425831E2,4.031250000E3
1.433397829E2,4.148437500E3
1.434396542E2,4.054687500E3
1.435392311E2,2.343750000E2
1.436403129E2,4.031250000E3
1.437403139E2,4.125000000E3
1.438392142E2,4.007812500E3
1.439374822E2,4.101562500E3
1.440398997E2,2.343750000E2
1.441402727E2,4.031250000E3
1.442401616E2,5.625000000E2
1.443389136E2,5.859375000E2
1.444403936E2,4.031250000E3
1.445403222E2,4.125000000E3
1.446398530E2,5.625000000E2
1.447382696E2,4.007812500E3
1.448392985E2,4.078125000E3
1.449379089E2,2.109375000E2
1.450406003E2,2.343750000E2
1.451396235E2,4.031250000E3
1.452407289E2,4.101562500E3
1.453402109E2,4.171875000E3
1.454382795E2,3.937500000E3
1.455404828E2,3.984375000E3
1.456410717E2,4.054687500E3
1.457399832E2,4.125000000E3
1.458381951E2,5.625000000E2
1.459404721E2,2.578125000E2
1.460414748E2,3.984375000E3
1.461403136E2,4.054687500E3
1.462393092E2,4.101562500E3
1.463404797E2,4.171875000E3
1.464404185E2,3.867187500E3
1.465404444E2,3.937500000E3
1.466409250E2,3.984375000E3
1.467408542E2,4.031250000E3
1.468405739E2,4.101562500E3
1.469403268E2,4.148437500E3
1.470399920E2,4.195312500E3
1.471389305E2,4.265625000E3
1.472401809E2,4.312500000E3
1.473400195E2,3.960937500E3
1.474407192E2,4.031250000E3
1.475401379E2,4.078125000E3
1.476390875E2,4.125000000E3
1.477387015E2,4.171875000E3
1.478398954E2,4.218750000E3
1.479402597E2,2.343750000E2
1.480404397E2,3.890625000E3
1.481463471E2,3.937500000E3
1.482402883E2,3.984375000E3
1.483402129E2,4.031250000E3
1.484427720E2,4.078125000E3
1.485403222E2,4.101562500E3
1.486405896E2,4.148437500E3
1.487402052E2,4.195312500E3
1.488374099E2,4.242187500E3
1.489398105E2,2.109375000E2
1.490384348E2,4.335937500E3
1.491484253E2,4.382812500E3
1.492572326E2,3.937500000E3
1.493384699E2,3.984375000E3
1.494405469E2,8.671875000E2
1.495407163E2,4.687500000E2
1.496509776E2,7.734375000E2
1.497383865E2,6.562500000E2
1.498406410E2,2.008593750E4
1.499382231E2,1.640625000E2
1.500402791E2,4.007812500E3
1.501408163E2,6.796875000E2
1.502405834E2,3.046875000E2
1.503404629E2,1.640625000E2
1.504401462E2,3.281250000E2
1.505400637E2,2.343750000E2
1.506418043E2,3.984375000E3
1.507406105E2,4.054687500E3
1.508437016E2,4.054687500E3
1.509391709E2,6.093750000E2
1.510412481E2,6.328125000E2
1.511404915E2,1.640625000E2
1.512400594E2,1.875000000E2
1.513411265E2,1.875000000E2
1.514506724E2,4.007812500E3
1.515417259E2,3.984375000E3
1.516452148E2,4.054687500E3
1.517442296E2,4.007812500E3
1.518414312E2,4.054687500E3
1.519405469E2,4.078125000E3
1.520415046E2,4.101562500E3
1.521405207E2,3.984375000E3
1.522394733E2,2.343750000E2
1.523408757E2,3.984375000E3
1.524393062E2,4.125000000E3
1.525407646E2,4.101562500E3
1.526403191E2,4.054687500E3
1.527405081E2,4.031250000E3
1.528411681E2,3.960937500E3
1.529585542E2,4.078125000E3
1.530587145E2,4.007812500E3
1.531401160E2,4.125000000E3
1.532405683E2,4.054687500E3
1.533406902E2,4.148437500E3
1.534411726E2,4.054687500E3
1.535414749E2,4.148437500E3
1.536414798E2,4.031250000E3
1.537410960E2,4.125000000E3
1.538465659E2,4.007812500E3
1.539401364E2,4.101562500E3
1.540406404E2,1.406250000E2
1.541373699E2,4.031250000E3
1.542638963E2,4.125000000E3
1.543402862E2,3.960937500E3
1.544404890E2,4.031250000E3
1.545418532E2,4.125000000E3
1.546463782E2,3.937500000E3
1.547410462E2,4.007812500E3
1.548407514E2,3.984375000E2
1.549406225E2,4.171875000E3
1.550405299E2,3.960937500E3
1.551402275E2,4.031250000E3
1.552402502E2,4.101562500E3
1.553415475E2,4.171875000E3
1.554404366E2,3.937500000E3
1.555406915E2,3.984375000E3
1.556404825E2,4.054687500E3
1.557494650E2,4.125000000E3
1.558395958E2,4.195312500E3
1.559405456E2,4.242187500E3
1.560404170E2,3.984375000E3
1.561406185E2,4.054687500E3
1.562402557E2,4.101562500E3
1.563402044E2,4.171875000E3
1.564411761E2,3.867187500E3
1.565481884E2,2.343750000E2
1.566441813E2,3.984375000E3
1.567408118E2,4.031250000E3
1.568410139E2,4.101562500E3
1.569395299E2,4.148437500E3
1.570385478E2,4.195312500E3
1.571407742E2,4.265625000E3
1.572363000E2,4.312500000E3
1.573410046E2,3.984375000E2
1.574373555E2,4.031250000E3
1.575407069E2,4.078125000E3
1.576403859E2,4.125000000E3
1.577405552E2,4.171875000E3
1.578405680E2,4.218750000E3
1.579553524E2,4.265625000E3
1.580397474E2,3.890625000E3
1.581408635E2,3.937500000E3
1.582405699E2,3.984375000E3
1.583402619E2,4.031250000E3
1.584487752E2,4.078125000E3
1.585385339E2,4.101562500E3
1.586405672E2,4.148437500E3
1.587404514E2,4.195312500E3
1.588400769E2,4.242187500E3
1.589413326E2,4.289062500E3
1.590399437E2,4.335937500E3
1.591400342E2,4.382812500E3
1.592370283E2,NaN
1.593370773E2,NaN
